{
  "meta-llama_llama-3.3-70b-instruct_free_results": {
    "hourly_success_rate": 58.854166666666664,
    "daily_mae": 647.2131766341686,
    "api_success_rate": 100.0,
    "hourly_performances": [
      70.83333333333334,
      66.66666666666666,
      62.5,
      79.16666666666666,
      70.83333333333334,
      79.16666666666666,
      45.83333333333333,
      58.333333333333336,
      25.0,
      58.333333333333336,
      79.16666666666666,
      75.0,
      54.166666666666664,
      58.333333333333336,
      62.5,
      58.333333333333336,
      54.166666666666664,
      41.66666666666667,
      54.166666666666664,
      50.0,
      58.333333333333336,
      50.0,
      70.83333333333334,
      66.66666666666666,
      33.33333333333333,
      54.166666666666664,
      70.83333333333334,
      41.66666666666667,
      66.66666666666666,
      54.166666666666664,
      70.83333333333334,
      41.66666666666667,
      62.5,
      54.166666666666664,
      45.83333333333333,
      54.166666666666664,
      62.5,
      79.16666666666666,
      66.66666666666666,
      45.83333333333333,
      62.5,
      58.333333333333336,
      41.66666666666667,
      54.166666666666664,
      62.5,
      58.333333333333336,
      70.83333333333334,
      54.166666666666664,
      66.66666666666666,
      58.333333333333336,
      62.5,
      70.83333333333334,
      50.0,
      66.66666666666666,
      54.166666666666664,
      62.5,
      62.5,
      70.83333333333334,
      50.0,
      66.66666666666666,
      41.66666666666667,
      62.5,
      45.83333333333333,
      54.166666666666664,
      75.0,
      70.83333333333334,
      45.83333333333333,
      54.166666666666664,
      37.5,
      54.166666666666664,
      66.66666666666666,
      70.83333333333334
    ],
    "daily_maes": [
      0.00021641045896103606,
      681.1906925000058,
      175.6995453598479,
      699.7999083092568,
      889.9042177811402,
      904.9570386382416,
      3234.00001594103,
      99.00016861676022,
      599.9993155143916,
      599.399847014575,
      899.300403244395,
      793.9992695836854,
      99.92578218442509,
      1059.8642091162806,
      100.00902701790733,
      200.00046039562403,
      1950.616212307116,
      594.4795472486733,
      300.00042108628304,
      400.09966668492484,
      1650.000178585615,
      437.1164255082358,
      677.7767076307189,
      999.9995184976228,
      900.9289504261601,
      0.00032559210308136244,
      199.99447252044,
      693.4328167675528,
      0.0011581323049085768,
      1699.9999463329677,
      99.89977258782358,
      799.070823782873,
      1099.9997328952468,
      677.7757745004988,
      600.000247959003,
      0.0003602474130275368,
      100.99826274350903,
      0.03145992391728214,
      100.91017406722494,
      500.40007177351276,
      1999.999555448936,
      0.0001511012155788194,
      300.00110320893805,
      199.899633172829,
      77.77584356867419,
      300.0001583142557,
      377.7766093173832,
      99.90089228186002,
      1299.8996113655858,
      299.99991301059754,
      2700.0000000000005,
      998.9991175638681,
      120.7653417184631,
      101.39990895887536,
      78.86644411071575,
      1099.6064804009452,
      199.00326886108905,
      0.40048965467065045,
      110.11075722898659,
      1577.7757126945685,
      764.2995501753267,
      19.999431633992003,
      3270.7726604380646,
      405.4743105072921,
      0.00042995277442514634,
      1277.776382532736,
      1099.999775491504,
      0.4184811093027747,
      308.20605508788685,
      0.0593185635136706,
      789.5789330757939,
      1199.9992516797247
    ],
    "model_parameters": 0
  },
  "deepseek_deepseek-r1-0528_free_results": {
    "hourly_success_rate": 99.81884057971014,
    "daily_mae": 0.00025752779287444537,
    "api_success_rate": 95.83333333333334,
    "hourly_performances": [
      100.0,
      100.0,
      100.0,
      100.0,
      100.0,
      100.0,
      100.0,
      100.0,
      100.0,
      0,
      100.0,
      100.0,
      100.0,
      0,
      100.0,
      100.0,
      100.0,
      100.0,
      100.0,
      100.0,
      100.0,
      100.0,
      100.0,
      100.0,
      100.0,
      100.0,
      0,
      100.0,
      100.0,
      100.0,
      100.0,
      100.0,
      100.0,
      100.0,
      100.0,
      100.0,
      100.0,
      100.0,
      100.0,
      100.0,
      100.0,
      100.0,
      100.0,
      100.0,
      100.0,
      87.5,
      100.0,
      100.0,
      100.0,
      100.0,
      100.0,
      100.0,
      100.0,
      100.0,
      100.0,
      100.0,
      100.0,
      100.0,
      100.0,
      100.0,
      100.0,
      100.0,
      100.0,
      100.0,
      100.0,
      100.0,
      100.0,
      100.0,
      100.0,
      100.0,
      100.0,
      100.0
    ],
    "daily_maes": [
      0.00011641045898613811,
      0.00039250000554602593,
      0.00044535984761751024,
      0.00030830925697955536,
      0.00031778113998370827,
      0.00013863824142390513,
      1.594103014213033e-05,
      0.0001686167602201749,
      0.00048448560846736655,
      Infinity,
      0.00040324439487449126,
      0.00016958368541963864,
      0.00028218442503202823,
      Infinity,
      7.298209266082267e-05,
      0.000460395624031662,
      0.000287692884057833,
      0.00014724867332915892,
      0.00042108628349524224,
      0.0003333150752951042,
      0.00017858561523098615,
      0.0004255082358213258,
      7.630718982909457e-06,
      0.0004815023771698179,
      4.9573839987715473e-05,
      0.0002255921031064645,
      Infinity,
      0.00028323244714556495,
      0.00015813230493222363,
      5.366703226172831e-05,
      0.00022741217628663435,
      0.00032378287301071396,
      0.00026710475322033744,
      0.0004745004989672452,
      0.0002479590029906831,
      0.0003602474130275368,
      0.0004372564908408094,
      0.00035992391735817364,
      0.00012593277506312006,
      7.177351290010847e-05,
      0.0003445510637902771,
      0.0004488987843842551,
      9.679106187832076e-05,
      0.0003668271708647808,
      0.0002564313258517359,
      0.00015831425571377622,
      0.0003093173831985041,
      0.00019228186010877835,
      0.0003113655861852749,
      8.698940200702054e-05,
      9.094947017729282e-13,
      0.00011756386811612174,
      0.00025828153684415156,
      0.0004910411248602031,
      0.00024411071581198485,
      0.0004804009449799196,
      0.0004311389111535391,
      0.00033965467059715593,
      0.00014277101308834972,
      1.2694568795268424e-05,
      0.00014982467337176786,
      0.00046836600790811644,
      0.0003395619355615054,
      0.00028949270790690207,
      0.0003299527744502484,
      8.253273608715972e-05,
      0.00012450849635570194,
      0.00041889069689204916,
      0.00015508788692386588,
      0.00028143648637524166,
      6.692420629406115e-05,
      0.0002483202752046054
    ],
    "model_parameters": 0
  },
  "anthropic_claude-3.7-sonnet": {
    "hourly_success_rate": 78.53,
    "daily_mae": 340.1276,
    "api_success_rate": 100.0,
    "hourly_performances": [],