{
  "model_name": "deepseek_deepseek-r1-distill-qwen-7b_v0_retry_fixed",
  "timestamp": "20250607_141651",
  "basic_performance": {
    "total_test_cases": 73,
    "successful_api_calls": 68,
    "api_success_rate": 93.15068493150685,
    "valid_json_responses": 1,
    "json_success_rate": 1.36986301369863,
    "allocation_responses": 1,
    "allocation_success_rate": 1.36986301369863,
    "total_api_time_seconds": 5155.915677785873,
    "average_response_time": 75.82228937920402
  },
  "ground_truth_analysis": {
    "total_comparisons": 1,
    "exact_24h_matches": 0,
    "exact_match_rate": 0.0,
    "mean_hourly_match_rate": 54.166666666666664,
    "mean_absolute_error": 55.44716022332698,
    "daily_mae": 1124.314445359848,
    "seasonal_performance": {
      "Winter": {
        "count": 1,
        "mean_success_rate": 54.166666666666664,
        "std_dev": 0.0
      }
    },
    "optimization_effectiveness": 54.166666666666664
  },
  "cost_category": "PAID",
  "estimated_parameters": 7000000000.0,
  "detailed_data": {
    "allocation_data": [
      {
        "test_case": 0,
        "allocations": {
          "hour_0": 300.0,
          "hour_1": 300.0,
          "hour_2": 300.0,
          "hour_3": 300.0,
          "hour_4": 300.0,
          "hour_5": 21.0,
          "hour_6": 23.0,
          "hour_7": 22.0,
          "hour_8": 24.0,
          "hour_9": 20.0,
          "hour_10": 9.0,
          "hour_11": 132.3235,
          "hour_12": 84.3981,
          "hour_13": 48.1807,
          "hour_14": 50.7854,
          "hour_15": 8.4233,
          "hour_16": 0.0,
          "hour_17": 0.0,
          "hour_18": 0.0,
          "hour_19": 0.0,
          "hour_20": 300.0,
          "hour_21": 300.0,
          "hour_22": 300.0,
          "hour_23": 300.0
        },
        "total_ppfd": 3143.111,
        "api_time": 55.183220863342285,
        "ground_truth_metrics": {
          "exact_24h_match": false,
          "hourly_matches": 13,
          "hourly_match_rate": 54.166666666666664,
          "mean_absolute_error": 55.44716022332698,
          "daily_absolute_error": 1124.314445359848,
          "daily_relative_error": 26.34643439599777,
          "total_model_ppfd": 3143.111,
          "total_optimal_ppfd": 4267.425445359848,
          "scenario_complexity": {
            "season": "Winter",
            "ppfd_requirement": 4267.425445359848,
            "complexity_score": 5.133712722679924,
            "complexity_category": "High"
          }
        }
      }
    ],
    "api_failures": [
      {
        "test_case": 7,
        "error": "Unknown error",
        "api_time": 208.93058586120605
      },
      {
        "test_case": 50,
        "error": "Unknown error",
        "api_time": 17.49734401702881
      },
      {
        "test_case": 52,
        "error": "Unknown error",
        "api_time": 119.75283598899841
      },
      {
        "test_case": 58,
        "error": "Unknown error",
        "api_time": 9.208739757537842
      },
      {
        "test_case": 61,
        "error": "Unknown error",
        "api_time": 152.5364968776703
      }
    ],
    "ground_truth_comparisons": [
      {
        "exact_24h_match": false,
        "hourly_matches": 13,
        "hourly_match_rate": 54.166666666666664,
        "mean_absolute_error": 55.44716022332698,
        "daily_absolute_error": 1124.314445359848,
        "daily_relative_error": 26.34643439599777,
        "total_model_ppfd": 3143.111,
        "total_optimal_ppfd": 4267.425445359848,
        "scenario_complexity": {
          "season": "Winter",
          "ppfd_requirement": 4267.425445359848,
          "complexity_score": 5.133712722679924,
          "complexity_category": "High"
        }
      }
    ]
  },
  "performance_grade": "\ud83d\udcca **D (Poor)**"
}