{
  "model_name": "deepseek_deepseek-r1-distill-qwen-7b_results",
  "timestamp": "20250608_142758",
  "basic_performance": {
    "total_test_cases": 5,
    "successful_api_calls": 5,
    "api_success_rate": 100.0,
    "valid_json_responses": 4,
    "json_success_rate": 80.0,
    "allocation_responses": 4,
    "allocation_success_rate": 80.0,
    "total_api_time_seconds": 208.77731204032898,
    "average_response_time": 41.755462408065796
  },
  "ground_truth_analysis": {
    "total_comparisons": 4,
    "exact_24h_matches": 0,
    "exact_match_rate": 0.0,
    "mean_hourly_match_rate": 48.958333333333336,
    "mean_absolute_error": 103.82321286730382,
    "daily_mae": 1079.6788800836644,
    "seasonal_performance": {
      "Winter": {
        "count": 4,
        "mean_success_rate": 48.958333333333336,
        "std_dev": 11.552642194176476
      }
    },
    "optimization_effectiveness": 48.958333333333336
  },
  "cost_category": "PAID",
  "estimated_parameters": 7000000000,
  "detailed_data": {
    "allocation_data": [
      {
        "test_case": 0,
        "allocations": {
          "hour_0": 300.0,
          "hour_1": 182.7077,
          "hour_2": 0.0,
          "hour_3": 0.0,
          "hour_4": 0.0,
          "hour_5": 0.0,
          "hour_6": 0.0,
          "hour_7": 0.0,
          "hour_8": 157.8916,
          "hour_9": 85.1367,
          "hour_10": 0.0,
          "hour_11": 0.0,
          "hour_12": 0.0,
          "hour_13": 0.0,
          "hour_14": 0.0,
          "hour_15": 0.0,
          "hour_16": 0.0,
          "hour_17": 0.0,
          "hour_18": 0.0,
          "hour_19": 0.0,
          "hour_20": 104.4993,
          "hour_21": 202.2623,
          "hour_22": 300.0,
          "hour_23": 300.0
        },
        "total_ppfd": 1632.4976,
        "api_time": 53.34632086753845,
        "ground_truth_metrics": {
          "exact_24h_match": false,
          "hourly_matches": 9,
          "hourly_match_rate": 37.5,
          "mean_absolute_error": 130.0410185566603,
          "daily_absolute_error": 2634.9278453598477,
          "daily_relative_error": 61.745140696597666,
          "total_model_ppfd": 1632.4976000000001,
          "total_optimal_ppfd": 4267.425445359848,
          "scenario_complexity": {
            "season": "Winter",
            "ppfd_requirement": 4267.425445359848,
            "complexity_score": 5.133712722679924,
            "complexity_category": "High"
          }
        }
      },
      {
        "test_case": 1,
        "allocations": {
          "hour_0": 300.0,
          "hour_1": 300.0,
          "hour_2": 300.0,
          "hour_3": 300.0,
          "hour_4": 300.0,
          "hour_5": 300.0,
          "hour_6": 300.0,
          "hour_7": 299.8764,
          "hour_8": 287.5994,
          "hour_9": 254.5541,
          "hour_10": 0.0,
          "hour_11": 48.94,
          "hour_12": 0.0,
          "hour_13": 0.0,
          "hour_14": 0.0,
          "hour_15": 0.0,
          "hour_16": 0.0,
          "hour_17": 0.0,
          "hour_18": 0.0,
          "hour_19": 0.0,
          "hour_20": 0.0,
          "hour_21": 0.0,
          "hour_22": 0.0,
          "hour_23": 0.0
        },
        "total_ppfd": 2990.9699,
        "api_time": 30.631936073303223,
        "ground_truth_metrics": {
          "exact_24h_match": false,
          "hourly_matches": 14,
          "hourly_match_rate": 58.333333333333336,
          "mean_absolute_error": 94.32760668491936,
          "daily_absolute_error": 579.8027604380645,
          "daily_relative_error": 16.237459384124833,
          "total_model_ppfd": 2990.9699,
          "total_optimal_ppfd": 3570.7726604380646,
          "scenario_complexity": {
            "season": "Winter",
            "ppfd_requirement": 3570.772660438065,
            "complexity_score": 4.7853863302190325,
            "complexity_category": "High"
          }
        }
      },
      {
        "test_case": 2,
        "allocations": {
          "hour_0": 300.0,
          "hour_1": 300.0,
          "hour_2": 300.0,
          "hour_3": 300.0,
          "hour_4": 300.0,
          "hour_5": 299.8034,
          "hour_6": 300.0,
          "hour_7": 93.4421,
          "hour_8": 0.0,
          "hour_9": 0.0,
          "hour_10": 0.0,
          "hour_11": 240.4067,
          "hour_12": 207.6711,
          "hour_13": 198.7076,
          "hour_14": 227.3941,
          "hour_15": 0.0,
          "hour_16": 0.0,
          "hour_17": 0.0,
          "hour_18": 0.0,
          "hour_19": 0.0,
          "hour_20": 300.0,
          "hour_21": 300.0,
          "hour_22": 300.0,
          "hour_23": 300.0
        },
        "total_ppfd": 4267.425,
        "api_time": 36.32171678543091,
        "ground_truth_metrics": {
          "exact_24h_match": false,
          "hourly_matches": 15,
          "hourly_match_rate": 62.5,
          "mean_absolute_error": 71.97449776851646,
          "daily_absolute_error": 908.6445967556051,
          "daily_relative_error": 27.052813452106157,
          "total_model_ppfd": 4267.425,
          "total_optimal_ppfd": 3358.780403244395,
          "scenario_complexity": {
            "season": "Winter",
            "ppfd_requirement": 3358.780403244395,
            "complexity_score": 4.679390201622198,
            "complexity_category": "High"
          }
        }
      },
      {
        "test_case": 3,
        "allocations": {
          "hour_0": 0.0,
          "hour_1": 0.0,
          "hour_2": 132.3235,
          "hour_3": 300.0,
          "hour_4": 300.0,
          "hour_5": 300.0,
          "hour_6": 300.0,
          "hour_7": 300.0,
          "hour_8": 102.8269,
          "hour_9": 0.0,
          "hour_10": 205.6115,
          "hour_11": 0.0,
          "hour_12": 84.3981,
          "hour_13": 0.0,
          "hour_14": 0.0,
          "hour_15": 0.0,
          "hour_16": 0.0,
          "hour_17": 0.0,
          "hour_18": 231.741,
          "hour_19": 286.21,
          "hour_20": 300.0,
          "hour_21": 300.0,
          "hour_22": 0.0,
          "hour_23": 0.0
        },
        "total_ppfd": 3143.111,
        "api_time": 33.350858211517334,
        "ground_truth_metrics": {
          "exact_24h_match": false,
          "hourly_matches": 9,
          "hourly_match_rate": 37.5,
          "mean_absolute_error": 118.94972845911917,
          "daily_absolute_error": 195.34031778114013,
          "daily_relative_error": 5.851225588964725,
          "total_model_ppfd": 3143.111,
          "total_optimal_ppfd": 3338.45131778114,
          "scenario_complexity": {
            "season": "Winter",
            "ppfd_requirement": 3338.45131778114,
            "complexity_score": 4.66922565889057,
            "complexity_category": "High"
          }
        }
      }
    ],
    "api_failures": [],
    "ground_truth_comparisons": [
      {
        "exact_24h_match": false,
        "hourly_matches": 9,
        "hourly_match_rate": 37.5,
        "mean_absolute_error": 130.0410185566603,
        "daily_absolute_error": 2634.9278453598477,
        "daily_relative_error": 61.745140696597666,
        "total_model_ppfd": 1632.4976000000001,
        "total_optimal_ppfd": 4267.425445359848,
        "scenario_complexity": {
          "season": "Winter",
          "ppfd_requirement": 4267.425445359848,
          "complexity_score": 5.133712722679924,
          "complexity_category": "High"
        }
      },
      {
        "exact_24h_match": false,
        "hourly_matches": 14,
        "hourly_match_rate": 58.333333333333336,
        "mean_absolute_error": 94.32760668491936,
        "daily_absolute_error": 579.8027604380645,
        "daily_relative_error": 16.237459384124833,
        "total_model_ppfd": 2990.9699,
        "total_optimal_ppfd": 3570.7726604380646,
        "scenario_complexity": {
          "season": "Winter",
          "ppfd_requirement": 3570.772660438065,
          "complexity_score": 4.7853863302190325,