{
  "meta-llama_llama-3.3-70b-instruct_free_results": {
    "hourly_success_rate": 58.854166666666664,
    "daily_mae": 647.2131766341686,
    "api_success_rate": 100.0,
    "hourly_performances": [
      70.83333333333334,
      66.66666666666666,
      62.5,
      79.16666666666666,
      70.83333333333334,
      79.16666666666666,
      45.83333333333333,
      58.333333333333336,
      25.0,
      58.333333333333336,
      79.16666666666666,
      75.0,
      54.166666666666664,
      58.333333333333336,
      62.5,
      58.333333333333336,
      54.166666666666664,
      41.66666666666667,
      54.166666666666664,
      50.0,
      58.333333333333336,
      50.0,
      70.83333333333334,
      66.66666666666666,
      33.33333333333333,
      54.166666666666664,
      70.83333333333334,
      41.66666666666667,
      66.66666666666666,
      54.166666666666664,
      70.83333333333334,
      41.66666666666667,
      62.5,
      54.166666666666664,
      45.83333333333333,
      54.166666666666664,
      62.5,
      79.16666666666666,
      66.66666666666666,
      45.83333333333333,
      62.5,
      58.333333333333336,
      41.66666666666667,
      54.166666666666664,
      62.5,
      58.333333333333336,
      70.83333333333334,
      54.166666666666664,
      66.66666666666666,
      58.333333333333336,
      62.5,
      70.83333333333334,
      50.0,
      66.66666666666666,
      54.166666666666664,
      62.5,
      62.5,
      70.83333333333334,
      50.0,
      66.66666666666666,
      41.66666666666667,
      62.5,
      45.83333333333333,
      54.166666666666664,
      75.0,
      70.83333333333334,
      45.83333333333333,
      54.166666666666664,
      37.5,
      54.166666666666664,
      66.66666666666666,
      70.83333333333334
    ],
    "daily_maes": [
      0.00021641045896103606,
      681.1906925000058,
      175.6995453598479,
      699.7999083092568,
      889.9042177811402,
      904.9570386382416,
      3234.00001594103,
      99.00016861676022,
      599.9993155143916,
      599.399847014575,
      899.300403244395,
      793.9992695836854,
      99.92578218442509,
      1059.8642091162806,
      100.00902701790733,
      200.00046039562403,
      1950.616212307116,
      594.4795472486733,
      300.00042108628304,
      400.09966668492484,
      1650.000178585615,
      437.1164255082358,
      677.7767076307189,
      999.9995184976228,
      900.9289504261601,
      0.00032559210308136244,
      199.99447252044,
      693.4328167675528,
      0.0011581323049085768,
      1699.9999463329677,
      99.89977258782358,
      799.070823782873,
      1099.9997328952468,
      677.7757745004988,
      600.000247959003,
      0.0003602474130275368,
      100.99826274350903,
      0.03145992391728214,
      100.91017406722494,
      500.40007177351276,
      1999.999555448936,
      0.0001511012155788194,
      300.00110320893805,
      199.899633172829,
      77.77584356867419,
      300.0001583142557,
      377.7766093173832,
      99.90089228186002,
      1299.8996113655858,
      299.99991301059754,
      2700.0000000000005,
      998.9991175638681,
      120.7653417184631,
      101.39990895887536,
      78.86644411071575,
      1099.6064804009452,
      199.00326886108905,
      0.40048965467065045,
      110.11075722898659,
      1577.7757126945685,
      764.2995501753267,
      19.999431633992003,
      3270.7726604380646,
      405.4743105072921,
      0.00042995277442514634,
      1277.776382532736,
      1099.999775491504,
      0.4184811093027747,
      308.20605508788685,
      0.0593185635136706,
      789.5789330757939,
      1199.9992516797247
    ],
    "model_parameters": 0
  },
  "anthropic_claude-3.7-sonnet": {
    "hourly_success_rate": 78.53,
    "daily_mae": 340.1276,
    "api_success_rate": 100.0,
    "hourly_performances": [],
    "daily_maes": [
      69.6482,
      69.6482,
      69.6482,
      69.6482,
      69.6482,
      69.6482,
      69.6482,
      69.6482,
      69.6482,
      69.6482,
      69.6482,
      69.6482,
      69.6482,
      69.6482,
      69.6482,
      69.6482,
      69.6482,
      69.6482,
      209.0929,
      209.0929,
      209.0929,
      209.0929,
      209.0929,
      209.0929,
      209.0929,
      209.0929,
      209.0929,
      209.0929,
      209.0929,
      209.0929,
      209.0929,
      209.0929,
      209.0929,
      209.0929,
      209.0929,
      209.0929,
      755.8039,
      755.8039,
      755.8039,
      755.8039,
      755.8039,
      755.8039,
      755.8039,
      755.8039,
      755.8039,
      755.8039,
      755.8039,
      755.8039,
      755.8039,
      755.8039,
      755.8039,
      755.8039,
      755.8039,
      755.8039,
      366.0284,
      366.0284,
      366.0284,
      366.0284,
      366.0284,
      366.0284,
      366.0284,
      366.0284,
      366.0284,
      366.0284,
      366.0284,
      366.0284,
      366.0284,
      366.0284,
      366.0284,
      366.0284,
      366.0284,
      366.0284
    ],
    "model_parameters": 100
  },
  "anthropic_claude-opus-4": {
    "hourly_success_rate": 83.39,
    "daily_mae": 285.4234,
    "api_success_rate": 100.0,
    "hourly_performances": [],
    "daily_maes": [
      59.476,
      59.476,
      59.476,
      59.476,
      59.476,
      59.476,
      59.476,
      59.476,
      59.476,
      59.476,
      59.476,
      59.476,
      59.476,
      59.476,
      59.476,
      59.476,
      59.476,
      59.476,
      260.4339,
      260.4339,
      260.4339,
      260.4339,
      260.4339,
      260.4339,
      260.4339,
      260.4339,
      260.4339,
      260.4339,
      260.4339,
      260.4339,
      260.4339,
      260.4339,
      260.4339,
      260.4339,
      260.4339,
      260.4339,
      546.5703,
      546.5703,
      546.5703,
      546.5703,
      546.5703,
      546.5703,
      546.5703,
      546.5703,
      546.5703,
      546.5703,
      546.5703,
      546.5703,
      546.5703,
      546.5703,
      546.5703,
      546.5703,
      546.5703,
      546.5703,
      282.3844,
      282.3844,
      282.3844,
      282.3844,
      282.3844,
      282.3844,
      282.3844,
      282.3844,
      282.3844,
      282.3844,
      282.3844,
      282.3844,
      282.3844,
      282.3844,
      282.3844,
      282.3844,
      282.3844,
      282.3844
    ],
    "model_parameters": 1000
  },
  "openai_o1_results": {
    "hourly_success_rate": 100.0,
    "daily_mae": 0.0002653380388437654,
    "api_success_rate": 12.5,
    "hourly_performances": [
      100.0,
      100.0,
      100.0,
      100.0,
      100.0,
      100.0,
      100.0,
      100.0,
      100.0,
      0,
      0,
      0,
      0,
      0,
      0,
      0,
      0,
      0,
      0,
      0,
      0,
      0,
      0,
      0,
      0,
      0,
      0,
      0,
      0,
      0,
      0,
      0,
      0,
      0,
      0,
      0,
      0,
      0,
      0,
      0,
      0,
      0,
      0,
      0,
      0,
      0,
      0,
      0,
      0,
      0,
      0,
      0,
      0,
      0,
      0,
      0,
      0,
      0,
      0,
      0,
      0,
      0,
      0,
      0,
      0,
      0,
      0,
      0,
      0,
      0,
      0,
      0
    ],